id,from,to,subject
1,estudeart0@state.gov,ooswick1@w3.org,Estoque
2,abellord6@illinois.edu,ydorsay9@engadget.com,Clientes
3,ooswick1@w3.org,zgarraway1@yandex.ru,Faturamento
4,oreglar7@china.com.cn,aropkes3@hugedomains.com,Entrega
5,estudeart0@state.gov,dweighell3@reuters.com,Faturamento
6,atatlow0@cargocollective.com,mshillaker6@tripod.com,Compras
7,aropkes3@hugedomains.com,astanislaw2@google.co.uk,Prazos
8,jjowers4@sakura.ne.jp,jgreguoli4@zimbio.com,Clientes
9,dweighell3@reuters.com,zgarraway1@yandex.ru,Entrega
10,tregitz8@about.me,tjewise7@si.edu,Clientes
11,rsilburn2@eventbrite.com,astanislaw2@google.co.uk,Logística
12,zgarraway1@yandex.ru,aropkes3@hugedomains.com,Estoque
13,jgreguoli4@zimbio.com,astanislaw2@google.co.uk,Faturamento
14,aropkes3@hugedomains.com,rkendred9@disqus.com,Estoque
15,astanislaw2@google.co.uk,tregitz8@about.me,Entrega
16,atatlow0@cargocollective.com,atatlow0@cargocollective.com,Logística
17,ooswick1@w3.org,ooswick1@w3.org,Entrega
18,mshillaker6@tripod.com,asleeman5@businesswire.com,Entrega
19,aropkes3@hugedomains.com,jgreguoli4@zimbio.com,Clientes
20,jjowers4@sakura.ne.jp,ydorsay9@engadget.com,Relatório
21,jgreguoli4@zimbio.com,zgarraway1@yandex.ru,Entrega
22,abellord6@illinois.edu,tjewise7@si.edu,Logística
23,lpomphrey5@netvibes.com,zgarraway1@yandex.ru,Faturamento
24,jgreguoli4@zimbio.com,ooswick1@w3.org,Estoque
25,estudeart0@state.gov,tjewise7@si.edu,Faturamento
26,ooswick1@w3.org,aaskew8@miibeian.gov.cn,Clientes
27,atatlow0@cargocollective.com,mshillaker6@tripod.com,Prazos
28,oreglar7@china.com.cn,zgarraway1@yandex.ru,Energia
29,lpomphrey5@netvibes.com,atatlow0@cargocollective.com,Estoque
30,aaskew8@miibeian.gov.cn,oreglar7@china.com.cn,Prazos
31,tregitz8@about.me,abellord6@illinois.edu,Faturamento
32,oreglar7@china.com.cn,jjowers4@sakura.ne.jp,Prazos
33,jjowers4@sakura.ne.jp,oreglar7@china.com.cn,Energia
34,zgarraway1@yandex.ru,lpomphrey5@netvibes.com,Estoque
35,atatlow0@cargocollective.com,ooswick1@w3.org,Estoque
36,tregitz8@about.me,lpomphrey5@netvibes.com,Energia
37,mshillaker6@tripod.com,aaskew8@miibeian.gov.cn,Clientes
38,lpomphrey5@netvibes.com,aropkes3@hugedomains.com,Estoque
39,tregitz8@about.me,zgarraway1@yandex.ru,Clientes
40,ooswick1@w3.org,tjewise7@si.edu,Logística
41,tregitz8@about.me,jjowers4@sakura.ne.jp,Compras
42,tregitz8@about.me,astanislaw2@google.co.uk,Logística
43,abellord6@illinois.edu,asleeman5@businesswire.com,Logística
44,zgarraway1@yandex.ru,tjewise7@si.edu,Energia
45,rsilburn2@eventbrite.com,ooswick1@w3.org,Prazos
46,tjewise7@si.edu,mshillaker6@tripod.com,Clientes
47,tregitz8@about.me,jjowers4@sakura.ne.jp,Relatório
48,lpomphrey5@netvibes.com,rkendred9@disqus.com,Relatório
49,rkendred9@disqus.com,jjowers4@sakura.ne.jp,Estoque
50,rsilburn2@eventbrite.com,atatlow0@cargocollective.com,Prazos
51,jjowers4@sakura.ne.jp,asleeman5@businesswire.com,Logística
52,mshillaker6@tripod.com,zgarraway1@yandex.ru,Logística
53,rsilburn2@eventbrite.com,jgreguoli4@zimbio.com,Entrega
54,rsilburn2@eventbrite.com,astanislaw2@google.co.uk,Compras
55,estudeart0@state.gov,lpomphrey5@netvibes.com,Prazos
56,rsilburn2@eventbrite.com,asleeman5@businesswire.com,Relatório
57,ydorsay9@engadget.com,atatlow0@cargocollective.com,Logística
58,jgreguoli4@zimbio.com,abellord6@illinois.edu,Faturamento
59,mshillaker6@tripod.com,estudeart0@state.gov,Prejuizo
60,jgreguoli4@zimbio.com,jjowers4@sakura.ne.jp,Energia
61,mshillaker6@tripod.com,atatlow0@cargocollective.com,Logística
62,oreglar7@china.com.cn,oreglar7@china.com.cn,Compras
63,mshillaker6@tripod.com,atatlow0@cargocollective.com,Clientes
64,asleeman5@businesswire.com,aaskew8@miibeian.gov.cn,Prejuizo
65,asleeman5@businesswire.com,tjewise7@si.edu,Compras
66,tregitz8@about.me,jjowers4@sakura.ne.jp,Clientes
67,rsilburn2@eventbrite.com,asleeman5@businesswire.com,Clientes
68,zgarraway1@yandex.ru,tjewise7@si.edu,Relatório
69,aaskew8@miibeian.gov.cn,ydorsay9@engadget.com,Relatório
70,aaskew8@miibeian.gov.cn,astanislaw2@google.co.uk,Prejuizo
71,asleeman5@businesswire.com,jjowers4@sakura.ne.jp,Relatório
72,jgreguoli4@zimbio.com,aropkes3@hugedomains.com,Energia
73,ydorsay9@engadget.com,tjewise7@si.edu,Compras
74,rkendred9@disqus.com,jjowers4@sakura.ne.jp,Prejuizo
75,jjowers4@sakura.ne.jp,jjowers4@sakura.ne.jp,Energia
76,jjowers4@sakura.ne.jp,aaskew8@miibeian.gov.cn,Prejuizo
77,tjewise7@si.edu,ydorsay9@engadget.com,Energia
78,zgarraway1@yandex.ru,jjowers4@sakura.ne.jp,Prejuizo
79,mshillaker6@tripod.com,zgarraway1@yandex.ru,Energia
80,oreglar7@china.com.cn,estudeart0@state.gov,Prejuizo
81,ooswick1@w3.org,ooswick1@w3.org,Prejuizo
82,tjewise7@si.edu,dweighell3@reuters.com,Entrega
83,ydorsay9@engadget.com,jjowers4@sakura.ne.jp,Logística
84,lpomphrey5@netvibes.com,aropkes3@hugedomains.com,Clientes
85,mshillaker6@tripod.com,ydorsay9@engadget.com,Compras
86,aropkes3@hugedomains.com,ooswick1@w3.org,Compras
87,aaskew8@miibeian.gov.cn,oreglar7@china.com.cn,Entrega
88,ooswick1@w3.org,jjowers4@sakura.ne.jp,Clientes
89,aaskew8@miibeian.gov.cn,asleeman5@businesswire.com,Clientes
90,jgreguoli4@zimbio.com,zgarraway1@yandex.ru,Estoque
91,jjowers4@sakura.ne.jp,aaskew8@miibeian.gov.cn,Compras
92,dweighell3@reuters.com,astanislaw2@google.co.uk,Clientes
93,oreglar7@china.com.cn,jjowers4@sakura.ne.jp,Clientes
94,asleeman5@businesswire.com,asleeman5@businesswire.com,Energia
95,aaskew8@miibeian.gov.cn,mshillaker6@tripod.com,Entrega
96,abellord6@illinois.edu,ydorsay9@engadget.com,Logística
97,atatlow0@cargocollective.com,mshillaker6@tripod.com,Relatório
98,atatlow0@cargocollective.com,asleeman5@businesswire.com,Estoque
99,mshillaker6@tripod.com,zgarraway1@yandex.ru,Compras
100,abellord6@illinois.edu,jgreguoli4@zimbio.com,Logística
101,mshillaker6@tripod.com,ydorsay9@engadget.com,Logística
102,lpomphrey5@netvibes.com,mshillaker6@tripod.com,Energia
103,atatlow0@cargocollective.com,abellord6@illinois.edu,Faturamento
104,atatlow0@cargocollective.com,ooswick1@w3.org,Compras
105,aropkes3@hugedomains.com,astanislaw2@google.co.uk,Relatório
106,lpomphrey5@netvibes.com,estudeart0@state.gov,Entrega
107,oreglar7@china.com.cn,ooswick1@w3.org,Faturamento
108,tjewise7@si.edu,aropkes3@hugedomains.com,Entrega
109,ooswick1@w3.org,atatlow0@cargocollective.com,Logística
110,aaskew8@miibeian.gov.cn,tregitz8@about.me,Relatório
111,lpomphrey5@netvibes.com,rkendred9@disqus.com,Prazos
112,mshillaker6@tripod.com,estudeart0@state.gov,Clientes
113,rkendred9@disqus.com,dweighell3@reuters.com,Estoque
114,rkendred9@disqus.com,mshillaker6@tripod.com,Clientes
115,ooswick1@w3.org,rsilburn2@eventbrite.com,Relatório
116,tregitz8@about.me,abellord6@illinois.edu,Energia
117,astanislaw2@google.co.uk,astanislaw2@google.co.uk,Faturamento
118,rsilburn2@eventbrite.com,zgarraway1@yandex.ru,Estoque
119,jgreguoli4@zimbio.com,lpomphrey5@netvibes.com,Prejuizo
120,lpomphrey5@netvibes.com,jjowers4@sakura.ne.jp,Entrega
121,astanislaw2@google.co.uk,lpomphrey5@netvibes.com,Relatório
122,tjewise7@si.edu,mshillaker6@tripod.com,Energia
123,tregitz8@about.me,mshillaker6@tripod.com,Prazos
124,tjewise7@si.edu,astanislaw2@google.co.uk,Prejuizo
125,aaskew8@miibeian.gov.cn,ooswick1@w3.org,Compras
126,rsilburn2@eventbrite.com,astanislaw2@google.co.uk,Relatório
127,estudeart0@state.gov,lpomphrey5@netvibes.com,Prazos
128,aaskew8@miibeian.gov.cn,tjewise7@si.edu,Entrega
129,asleeman5@businesswire.com,abellord6@illinois.edu,Estoque
130,tregitz8@about.me,aaskew8@miibeian.gov.cn,Prazos
131,tjewise7@si.edu,jjowers4@sakura.ne.jp,Estoque
132,aaskew8@miibeian.gov.cn,lpomphrey5@netvibes.com,Clientes
133,mshillaker6@tripod.com,asleeman5@businesswire.com,Relatório
134,abellord6@illinois.edu,rsilburn2@eventbrite.com,Prazos
135,tjewise7@si.edu,zgarraway1@yandex.ru,Prazos
136,ydorsay9@engadget.com,ydorsay9@engadget.com,Entrega
137,aropkes3@hugedomains.com,jgreguoli4@zimbio.com,Entrega
138,jjowers4@sakura.ne.jp,oreglar7@china.com.cn,Estoque
139,mshillaker6@tripod.com,rsilburn2@eventbrite.com,Compras
140,asleeman5@businesswire.com,asleeman5@businesswire.com,Logística
141,tregitz8@about.me,astanislaw2@google.co.uk,Entrega
142,zgarraway1@yandex.ru,asleeman5@businesswire.com,Prazos
143,tregitz8@about.me,tregitz8@about.me,Clientes
144,estudeart0@state.gov,tregitz8@about.me,Compras
145,aaskew8@miibeian.gov.cn,astanislaw2@google.co.uk,Entrega
146,dweighell3@reuters.com,dweighell3@reuters.com,Clientes
147,dweighell3@reuters.com,astanislaw2@google.co.uk,Logística
148,tjewise7@si.edu,rkendred9@disqus.com,Entrega
149,jgreguoli4@zimbio.com,lpomphrey5@netvibes.com,Energia
150,tjewise7@si.edu,ooswick1@w3.org,Compras
151,oreglar7@china.com.cn,astanislaw2@google.co.uk,Faturamento
152,lpomphrey5@netvibes.com,rsilburn2@eventbrite.com,Compras
153,atatlow0@cargocollective.com,rsilburn2@eventbrite.com,Prejuizo
154,mshillaker6@tripod.com,astanislaw2@google.co.uk,Prazos
155,abellord6@illinois.edu,rsilburn2@eventbrite.com,Clientes
156,dweighell3@reuters.com,tregitz8@about.me,Entrega
157,abellord6@illinois.edu,jjowers4@sakura.ne.jp,Entrega
158,rsilburn2@eventbrite.com,estudeart0@state.gov,Compras
159,tjewise7@si.edu,atatlow0@cargocollective.com,Estoque
160,asleeman5@businesswire.com,dweighell3@reuters.com,Prazos
161,astanislaw2@google.co.uk,oreglar7@china.com.cn,Prejuizo
162,tregitz8@about.me,mshillaker6@tripod.com,Relatório
163,tregitz8@about.me,estudeart0@state.gov,Prazos
164,aropkes3@hugedomains.com,mshillaker6@tripod.com,Faturamento
165,aaskew8@miibeian.gov.cn,rkendred9@disqus.com,Relatório
166,rsilburn2@eventbrite.com,rsilburn2@eventbrite.com,Faturamento
167,tregitz8@about.me,rsilburn2@eventbrite.com,Faturamento
168,oreglar7@china.com.cn,asleeman5@businesswire.com,Logística
169,dweighell3@reuters.com,ydorsay9@engadget.com,Logística
170,astanislaw2@google.co.uk,abellord6@illinois.edu,Compras
171,tjewise7@si.edu,jgreguoli4@zimbio.com,Clientes
172,abellord6@illinois.edu,jjowers4@sakura.ne.jp,Prazos
173,zgarraway1@yandex.ru,ooswick1@w3.org,Clientes
174,abellord6@illinois.edu,aaskew8@miibeian.gov.cn,Estoque
175,dweighell3@reuters.com,jjowers4@sakura.ne.jp,Clientes
176,rkendred9@disqus.com,tjewise7@si.edu,Energia
177,aropkes3@hugedomains.com,asleeman5@businesswire.com,Relatório
178,lpomphrey5@netvibes.com,ooswick1@w3.org,Energia
179,aropkes3@hugedomains.com,rsilburn2@eventbrite.com,Faturamento
180,tregitz8@about.me,lpomphrey5@netvibes.com,Logística
181,atatlow0@cargocollective.com,jjowers4@sakura.ne.jp,Estoque
182,oreglar7@china.com.cn,jjowers4@sakura.ne.jp,Logística
183,oreglar7@china.com.cn,aropkes3@hugedomains.com,Logística
184,rsilburn2@eventbrite.com,atatlow0@cargocollective.com,Estoque
185,jjowers4@sakura.ne.jp,aropkes3@hugedomains.com,Logística
186,estudeart0@state.gov,mshillaker6@tripod.com,Faturamento
187,astanislaw2@google.co.uk,dweighell3@reuters.com,Prazos
188,abellord6@illinois.edu,tjewise7@si.edu,Estoque
189,astanislaw2@google.co.uk,asleeman5@businesswire.com,Faturamento
190,zgarraway1@yandex.ru,jjowers4@sakura.ne.jp,Logística
191,rsilburn2@eventbrite.com,zgarraway1@yandex.ru,Faturamento
192,mshillaker6@tripod.com,dweighell3@reuters.com,Energia
193,estudeart0@state.gov,rsilburn2@eventbrite.com,Prazos
194,estudeart0@state.gov,rkendred9@disqus.com,Relatório
195,zgarraway1@yandex.ru,rkendred9@disqus.com,Estoque
196,asleeman5@businesswire.com,tregitz8@about.me,Clientes
197,tjewise7@si.edu,estudeart0@state.gov,Entrega
198,atatlow0@cargocollective.com,jjowers4@sakura.ne.jp,Prazos
199,tjewise7@si.edu,astanislaw2@google.co.uk,Faturamento
200,zgarraway1@yandex.ru,ooswick1@w3.org,Clientes
201,atatlow0@cargocollective.com,jjowers4@sakura.ne.jp,Faturamento
202,rkendred9@disqus.com,jgreguoli4@zimbio.com,Relatório
203,tjewise7@si.edu,atatlow0@cargocollective.com,Prazos
204,rsilburn2@eventbrite.com,lpomphrey5@netvibes.com,Energia
205,ooswick1@w3.org,atatlow0@cargocollective.com,Faturamento
206,mshillaker6@tripod.com,dweighell3@reuters.com,Prejuizo
207,abellord6@illinois.edu,tregitz8@about.me,Faturamento
208,ooswick1@w3.org,oreglar7@china.com.cn,Relatório
209,atatlow0@cargocollective.com,aaskew8@miibeian.gov.cn,Prazos
210,abellord6@illinois.edu,aaskew8@miibeian.gov.cn,Clientes
211,jjowers4@sakura.ne.jp,atatlow0@cargocollective.com,Entrega
212,jjowers4@sakura.ne.jp,rsilburn2@eventbrite.com,Prazos
213,rkendred9@disqus.com,dweighell3@reuters.com,Prejuizo
214,jjowers4@sakura.ne.jp,rsilburn2@eventbrite.com,Compras
215,oreglar7@china.com.cn,asleeman5@businesswire.com,Clientes
216,atatlow0@cargocollective.com,asleeman5@businesswire.com,Prejuizo
217,atatlow0@cargocollective.com,ydorsay9@engadget.com,Relatório
218,aropkes3@hugedomains.com,ooswick1@w3.org,Relatório
219,jjowers4@sakura.ne.jp,ydorsay9@engadget.com,Entrega
220,zgarraway1@yandex.ru,atatlow0@cargocollective.com,Entrega
221,tregitz8@about.me,abellord6@illinois.edu,Prazos
222,aaskew8@miibeian.gov.cn,ydorsay9@engadget.com,Estoque
223,lpomphrey5@netvibes.com,astanislaw2@google.co.uk,Relatório
224,jjowers4@sakura.ne.jp,ooswick1@w3.org,Estoque
225,tjewise7@si.edu,zgarraway1@yandex.ru,Prejuizo
226,oreglar7@china.com.cn,oreglar7@china.com.cn,Energia
227,rsilburn2@eventbrite.com,astanislaw2@google.co.uk,Entrega
228,aropkes3@hugedomains.com,rkendred9@disqus.com,Energia
229,oreglar7@china.com.cn,zgarraway1@yandex.ru,Compras
230,jjowers4@sakura.ne.jp,ooswick1@w3.org,Relatório
231,mshillaker6@tripod.com,astanislaw2@google.co.uk,Clientes
232,mshillaker6@tripod.com,rkendred9@disqus.com,Logística
233,estudeart0@state.gov,jgreguoli4@zimbio.com,Prazos
234,lpomphrey5@netvibes.com,tregitz8@about.me,Prazos
235,oreglar7@china.com.cn,lpomphrey5@netvibes.com,Prejuizo
236,rkendred9@disqus.com,oreglar7@china.com.cn,Faturamento
237,lpomphrey5@netvibes.com,lpomphrey5@netvibes.com,Clientes
238,lpomphrey5@netvibes.com,dweighell3@reuters.com,Faturamento
239,jjowers4@sakura.ne.jp,jgreguoli4@zimbio.com,Relatório
240,estudeart0@state.gov,asleeman5@businesswire.com,Energia
241,rkendred9@disqus.com,estudeart0@state.gov,Entrega
242,tjewise7@si.edu,jjowers4@sakura.ne.jp,Faturamento
243,estudeart0@state.gov,zgarraway1@yandex.ru,Estoque
244,mshillaker6@tripod.com,abellord6@illinois.edu,Relatório
245,jjowers4@sakura.ne.jp,mshillaker6@tripod.com,Energia
246,zgarraway1@yandex.ru,lpomphrey5@netvibes.com,Clientes
247,aaskew8@miibeian.gov.cn,tregitz8@about.me,Clientes
248,asleeman5@businesswire.com,ydorsay9@engadget.com,Logística
249,astanislaw2@google.co.uk,oreglar7@china.com.cn,Faturamento
250,estudeart0@state.gov,ooswick1@w3.org,Entrega
251,estudeart0@state.gov,aropkes3@hugedomains.com,Compras
252,rkendred9@disqus.com,tjewise7@si.edu,Prejuizo
253,abellord6@illinois.edu,dweighell3@reuters.com,Relatório
254,tjewise7@si.edu,oreglar7@china.com.cn,Logística
255,jgreguoli4@zimbio.com,abellord6@illinois.edu,Clientes
256,tjewise7@si.edu,aaskew8@miibeian.gov.cn,Entrega
257,abellord6@illinois.edu,rsilburn2@eventbrite.com,Prejuizo
258,zgarraway1@yandex.ru,tregitz8@about.me,Compras
259,rsilburn2@eventbrite.com,tjewise7@si.edu,Relatório
260,abellord6@illinois.edu,aropkes3@hugedomains.com,Faturamento
261,rsilburn2@eventbrite.com,jjowers4@sakura.ne.jp,Estoque
262,lpomphrey5@netvibes.com,asleeman5@businesswire.com,Clientes
263,oreglar7@china.com.cn,astanislaw2@google.co.uk,Faturamento
264,oreglar7@china.com.cn,astanislaw2@google.co.uk,Entrega
265,tregitz8@about.me,tjewise7@si.edu,Relatório
266,asleeman5@businesswire.com,asleeman5@businesswire.com,Relatório
267,rkendred9@disqus.com,ydorsay9@engadget.com,Energia
268,jjowers4@sakura.ne.jp,mshillaker6@tripod.com,Clientes
269,aropkes3@hugedomains.com,ydorsay9@engadget.com,Energia
270,ooswick1@w3.org,lpomphrey5@netvibes.com,Faturamento
271,jgreguoli4@zimbio.com,oreglar7@china.com.cn,Prazos
272,asleeman5@businesswire.com,tregitz8@about.me,Compras
273,dweighell3@reuters.com,jgreguoli4@zimbio.com,Relatório
274,mshillaker6@tripod.com,estudeart0@state.gov,Estoque
275,ooswick1@w3.org,asleeman5@businesswire.com,Prazos
276,lpomphrey5@netvibes.com,ydorsay9@engadget.com,Energia
277,lpomphrey5@netvibes.com,atatlow0@cargocollective.com,Faturamento
278,tjewise7@si.edu,astanislaw2@google.co.uk,Relatório
279,dweighell3@reuters.com,ooswick1@w3.org,Estoque
280,dweighell3@reuters.com,tjewise7@si.edu,Prejuizo
281,aaskew8@miibeian.gov.cn,astanislaw2@google.co.uk,Clientes
282,asleeman5@businesswire.com,rkendred9@disqus.com,Logística
283,aropkes3@hugedomains.com,asleeman5@businesswire.com,Entrega
284,zgarraway1@yandex.ru,abellord6@illinois.edu,Relatório
285,rkendred9@disqus.com,rsilburn2@eventbrite.com,Prejuizo
286,mshillaker6@tripod.com,oreglar7@china.com.cn,Prejuizo
287,rsilburn2@eventbrite.com,tregitz8@about.me,Energia
288,zgarraway1@yandex.ru,rsilburn2@eventbrite.com,Clientes
289,dweighell3@reuters.com,zgarraway1@yandex.ru,Energia
290,aaskew8@miibeian.gov.cn,ydorsay9@engadget.com,Prejuizo
291,ooswick1@w3.org,jjowers4@sakura.ne.jp,Energia
292,asleeman5@businesswire.com,rsilburn2@eventbrite.com,Entrega
293,estudeart0@state.gov,astanislaw2@google.co.uk,Estoque
294,lpomphrey5@netvibes.com,tregitz8@about.me,Faturamento
295,atatlow0@cargocollective.com,jjowers4@sakura.ne.jp,Compras
296,ooswick1@w3.org,rsilburn2@eventbrite.com,Entrega
297,lpomphrey5@netvibes.com,jgreguoli4@zimbio.com,Logística
298,jjowers4@sakura.ne.jp,abellord6@illinois.edu,Prazos
299,jgreguoli4@zimbio.com,aropkes3@hugedomains.com,Prejuizo
300,jgreguoli4@zimbio.com,jgreguoli4@zimbio.com,Estoque
301,asleeman5@businesswire.com,lpomphrey5@netvibes.com,Energia
302,aaskew8@miibeian.gov.cn,zgarraway1@yandex.ru,Clientes
303,asleeman5@businesswire.com,oreglar7@china.com.cn,Faturamento
304,oreglar7@china.com.cn,dweighell3@reuters.com,Compras
305,tregitz8@about.me,rsilburn2@eventbrite.com,Prejuizo
306,lpomphrey5@netvibes.com,astanislaw2@google.co.uk,Entrega
307,asleeman5@businesswire.com,aropkes3@hugedomains.com,Entrega
308,aropkes3@hugedomains.com,dweighell3@reuters.com,Clientes
309,aropkes3@hugedomains.com,ydorsay9@engadget.com,Compras
310,tjewise7@si.edu,dweighell3@reuters.com,Compras
311,oreglar7@china.com.cn,oreglar7@china.com.cn,Clientes
312,atatlow0@cargocollective.com,rsilburn2@eventbrite.com,Entrega
313,asleeman5@businesswire.com,jgreguoli4@zimbio.com,Relatório
314,abellord6@illinois.edu,asleeman5@businesswire.com,Logística
315,aaskew8@miibeian.gov.cn,asleeman5@businesswire.com,Faturamento
316,rsilburn2@eventbrite.com,tregitz8@about.me,Entrega
317,mshillaker6@tripod.com,rkendred9@disqus.com,Estoque
318,ooswick1@w3.org,tjewise7@si.edu,Faturamento
319,ooswick1@w3.org,estudeart0@state.gov,Faturamento
320,oreglar7@china.com.cn,zgarraway1@yandex.ru,Logística
321,estudeart0@state.gov,dweighell3@reuters.com,Energia
322,estudeart0@state.gov,dweighell3@reuters.com,Entrega
323,jjowers4@sakura.ne.jp,tregitz8@about.me,Compras
324,astanislaw2@google.co.uk,atatlow0@cargocollective.com,Clientes
325,atatlow0@cargocollective.com,aropkes3@hugedomains.com,Faturamento
326,mshillaker6@tripod.com,aaskew8@miibeian.gov.cn,Logística
327,ooswick1@w3.org,zgarraway1@yandex.ru,Faturamento
328,oreglar7@china.com.cn,tjewise7@si.edu,Energia
329,oreglar7@china.com.cn,atatlow0@cargocollective.com,Relatório
330,rkendred9@disqus.com,astanislaw2@google.co.uk,Compras
331,zgarraway1@yandex.ru,jjowers4@sakura.ne.jp,Energia
332,aaskew8@miibeian.gov.cn,aropkes3@hugedomains.com,Logística
333,lpomphrey5@netvibes.com,astanislaw2@google.co.uk,Clientes
334,asleeman5@businesswire.com,ydorsay9@engadget.com,Energia
335,aaskew8@miibeian.gov.cn,aaskew8@miibeian.gov.cn,Prejuizo
336,rsilburn2@eventbrite.com,estudeart0@state.gov,Entrega
337,lpomphrey5@netvibes.com,astanislaw2@google.co.uk,Energia
338,jgreguoli4@zimbio.com,jgreguoli4@zimbio.com,Energia
339,mshillaker6@tripod.com,astanislaw2@google.co.uk,Prazos
340,astanislaw2@google.co.uk,asleeman5@businesswire.com,Compras
341,rsilburn2@eventbrite.com,rsilburn2@eventbrite.com,Prazos
342,jgreguoli4@zimbio.com,dweighell3@reuters.com,Entrega
343,lpomphrey5@netvibes.com,ooswick1@w3.org,Estoque
344,jjowers4@sakura.ne.jp,dweighell3@reuters.com,Entrega
345,aaskew8@miibeian.gov.cn,abellord6@illinois.edu,Prazos
346,lpomphrey5@netvibes.com,ydorsay9@engadget.com,Clientes
347,ooswick1@w3.org,abellord6@illinois.edu,Estoque
348,atatlow0@cargocollective.com,lpomphrey5@netvibes.com,Clientes
349,ydorsay9@engadget.com,aaskew8@miibeian.gov.cn,Energia
350,mshillaker6@tripod.com,jgreguoli4@zimbio.com,Logística
351,tregitz8@about.me,lpomphrey5@netvibes.com,Entrega
352,mshillaker6@tripod.com,estudeart0@state.gov,Faturamento
353,jgreguoli4@zimbio.com,estudeart0@state.gov,Energia
354,aropkes3@hugedomains.com,dweighell3@reuters.com,Estoque
355,dweighell3@reuters.com,aropkes3@hugedomains.com,Faturamento
356,aaskew8@miibeian.gov.cn,tregitz8@about.me,Compras
357,tregitz8@about.me,zgarraway1@yandex.ru,Estoque
358,ooswick1@w3.org,ooswick1@w3.org,Faturamento
359,rkendred9@disqus.com,astanislaw2@google.co.uk,Relatório
360,ydorsay9@engadget.com,oreglar7@china.com.cn,Entrega
361,abellord6@illinois.edu,jgreguoli4@zimbio.com,Clientes
362,jjowers4@sakura.ne.jp,atatlow0@cargocollective.com,Prejuizo
363,astanislaw2@google.co.uk,aropkes3@hugedomains.com,Clientes
364,mshillaker6@tripod.com,oreglar7@china.com.cn,Logística
365,rsilburn2@eventbrite.com,estudeart0@state.gov,Entrega
366,zgarraway1@yandex.ru,tregitz8@about.me,Compras
367,ooswick1@w3.org,atatlow0@cargocollective.com,Entrega
368,rkendred9@disqus.com,dweighell3@reuters.com,Faturamento
369,tregitz8@about.me,ooswick1@w3.org,Clientes
370,aropkes3@hugedomains.com,tregitz8@about.me,Logística
371,asleeman5@businesswire.com,oreglar7@china.com.cn,Prazos
372,rsilburn2@eventbrite.com,mshillaker6@tripod.com,Logística
373,abellord6@illinois.edu,rkendred9@disqus.com,Estoque
374,lpomphrey5@netvibes.com,tjewise7@si.edu,Relatório
375,jgreguoli4@zimbio.com,abellord6@illinois.edu,Relatório
376,jjowers4@sakura.ne.jp,oreglar7@china.com.cn,Prejuizo
377,astanislaw2@google.co.uk,jjowers4@sakura.ne.jp,Logística
378,tregitz8@about.me,jgreguoli4@zimbio.com,Prazos
379,rsilburn2@eventbrite.com,asleeman5@businesswire.com,Logística
380,aaskew8@miibeian.gov.cn,zgarraway1@yandex.ru,Relatório
381,ooswick1@w3.org,jjowers4@sakura.ne.jp,Compras
382,asleeman5@businesswire.com,aaskew8@miibeian.gov.cn,Logística
383,rkendred9@disqus.com,jgreguoli4@zimbio.com,Prazos
384,dweighell3@reuters.com,ooswick1@w3.org,Prejuizo
385,estudeart0@state.gov,tjewise7@si.edu,Entrega
386,aaskew8@miibeian.gov.cn,zgarraway1@yandex.ru,Faturamento
387,jjowers4@sakura.ne.jp,zgarraway1@yandex.ru,Logística
388,lpomphrey5@netvibes.com,rkendred9@disqus.com,Faturamento
389,estudeart0@state.gov,rsilburn2@eventbrite.com,Estoque
390,astanislaw2@google.co.uk,ydorsay9@engadget.com,Prejuizo
391,mshillaker6@tripod.com,dweighell3@reuters.com,Prejuizo
392,jjowers4@sakura.ne.jp,abellord6@illinois.edu,Compras
393,astanislaw2@google.co.uk,jjowers4@sakura.ne.jp,Energia
394,aropkes3@hugedomains.com,lpomphrey5@netvibes.com,Prazos
395,rsilburn2@eventbrite.com,mshillaker6@tripod.com,Relatório
396,rsilburn2@eventbrite.com,estudeart0@state.gov,Energia
397,astanislaw2@google.co.uk,rsilburn2@eventbrite.com,Faturamento
398,atatlow0@cargocollective.com,ooswick1@w3.org,Relatório
399,lpomphrey5@netvibes.com,abellord6@illinois.edu,Prazos
400,rsilburn2@eventbrite.com,dweighell3@reuters.com,Entrega
401,rkendred9@disqus.com,mshillaker6@tripod.com,Prazos
402,aaskew8@miibeian.gov.cn,ooswick1@w3.org,Entrega
403,atatlow0@cargocollective.com,aaskew8@miibeian.gov.cn,Estoque
404,dweighell3@reuters.com,rkendred9@disqus.com,Entrega
405,tregitz8@about.me,estudeart0@state.gov,Prazos
406,tregitz8@about.me,lpomphrey5@netvibes.com,Clientes
407,tjewise7@si.edu,mshillaker6@tripod.com,Prejuizo
408,abellord6@illinois.edu,aaskew8@miibeian.gov.cn,Prazos
409,abellord6@illinois.edu,abellord6@illinois.edu,Prejuizo
410,oreglar7@china.com.cn,rkendred9@disqus.com,Prejuizo
411,rkendred9@disqus.com,asleeman5@businesswire.com,Estoque
412,asleeman5@businesswire.com,ydorsay9@engadget.com,Estoque
413,asleeman5@businesswire.com,ydorsay9@engadget.com,Faturamento
414,mshillaker6@tripod.com,mshillaker6@tripod.com,Logística
415,zgarraway1@yandex.ru,aropkes3@hugedomains.com,Faturamento
416,tjewise7@si.edu,abellord6@illinois.edu,Compras
417,rsilburn2@eventbrite.com,aropkes3@hugedomains.com,Estoque
418,oreglar7@china.com.cn,atatlow0@cargocollective.com,Entrega
419,dweighell3@reuters.com,jgreguoli4@zimbio.com,Prazos
420,estudeart0@state.gov,tjewise7@si.edu,Compras
421,rsilburn2@eventbrite.com,dweighell3@reuters.com,Faturamento
422,abellord6@illinois.edu,asleeman5@businesswire.com,Compras
423,jjowers4@sakura.ne.jp,rsilburn2@eventbrite.com,Logística
424,rkendred9@disqus.com,tregitz8@about.me,Logística
425,atatlow0@cargocollective.com,abellord6@illinois.edu,Relatório
426,rsilburn2@eventbrite.com,jjowers4@sakura.ne.jp,Energia
427,tregitz8@about.me,jjowers4@sakura.ne.jp,Estoque
428,ooswick1@w3.org,rsilburn2@eventbrite.com,Prazos
429,ydorsay9@engadget.com,jjowers4@sakura.ne.jp,Prazos
430,estudeart0@state.gov,tjewise7@si.edu,Entrega
431,mshillaker6@tripod.com,ydorsay9@engadget.com,Estoque
432,lpomphrey5@netvibes.com,jjowers4@sakura.ne.jp,Compras
433,jjowers4@sakura.ne.jp,rkendred9@disqus.com,Prazos
434,mshillaker6@tripod.com,aropkes3@hugedomains.com,Energia
435,ooswick1@w3.org,atatlow0@cargocollective.com,Energia
436,jgreguoli4@zimbio.com,asleeman5@businesswire.com,Entrega
437,zgarraway1@yandex.ru,ydorsay9@engadget.com,Faturamento
438,lpomphrey5@netvibes.com,dweighell3@reuters.com,Faturamento
439,rsilburn2@eventbrite.com,lpomphrey5@netvibes.com,Prejuizo
440,rkendred9@disqus.com,jjowers4@sakura.ne.jp,Relatório
441,estudeart0@state.gov,tregitz8@about.me,Estoque
442,jgreguoli4@zimbio.com,abellord6@illinois.edu,Estoque
443,ydorsay9@engadget.com,astanislaw2@google.co.uk,Logística
444,oreglar7@china.com.cn,jgreguoli4@zimbio.com,Logística
445,ydorsay9@engadget.com,zgarraway1@yandex.ru,Prazos
446,astanislaw2@google.co.uk,rsilburn2@eventbrite.com,Clientes
447,tregitz8@about.me,dweighell3@reuters.com,Prejuizo
448,rkendred9@disqus.com,astanislaw2@google.co.uk,Faturamento
449,asleeman5@businesswire.com,aropkes3@hugedomains.com,Prejuizo
450,ooswick1@w3.org,lpomphrey5@netvibes.com,Faturamento
451,asleeman5@businesswire.com,rsilburn2@eventbrite.com,Prejuizo
452,jjowers4@sakura.ne.jp,tregitz8@about.me,Logística
453,rkendred9@disqus.com,aaskew8@miibeian.gov.cn,Prazos
454,aropkes3@hugedomains.com,estudeart0@state.gov,Energia
455,rsilburn2@eventbrite.com,jjowers4@sakura.ne.jp,Relatório
456,ydorsay9@engadget.com,ooswick1@w3.org,Energia
457,jgreguoli4@zimbio.com,mshillaker6@tripod.com,Entrega
458,asleeman5@businesswire.com,zgarraway1@yandex.ru,Estoque
459,tjewise7@si.edu,oreglar7@china.com.cn,Relatório
460,lpomphrey5@netvibes.com,oreglar7@china.com.cn,Logística
461,aropkes3@hugedomains.com,ydorsay9@engadget.com,Clientes
462,asleeman5@businesswire.com,dweighell3@reuters.com,Estoque
463,aropkes3@hugedomains.com,dweighell3@reuters.com,Clientes
464,dweighell3@reuters.com,ooswick1@w3.org,Compras
465,dweighell3@reuters.com,aropkes3@hugedomains.com,Estoque
466,astanislaw2@google.co.uk,atatlow0@cargocollective.com,Entrega
467,oreglar7@china.com.cn,aaskew8@miibeian.gov.cn,Prejuizo
468,tregitz8@about.me,estudeart0@state.gov,Logística
469,atatlow0@cargocollective.com,tjewise7@si.edu,Logística
470,oreglar7@china.com.cn,aropkes3@hugedomains.com,Relatório
471,mshillaker6@tripod.com,asleeman5@businesswire.com,Compras
472,estudeart0@state.gov,lpomphrey5@netvibes.com,Relatório
473,jgreguoli4@zimbio.com,aaskew8@miibeian.gov.cn,Entrega
474,oreglar7@china.com.cn,estudeart0@state.gov,Energia
475,ydorsay9@engadget.com,asleeman5@businesswire.com,Logística
476,rsilburn2@eventbrite.com,tjewise7@si.edu,Prejuizo
477,ooswick1@w3.org,jjowers4@sakura.ne.jp,Compras
478,aropkes3@hugedomains.com,jgreguoli4@zimbio.com,Prazos
479,lpomphrey5@netvibes.com,atatlow0@cargocollective.com,Compras
480,ooswick1@w3.org,tregitz8@about.me,Relatório
481,lpomphrey5@netvibes.com,estudeart0@state.gov,Compras
482,rkendred9@disqus.com,mshillaker6@tripod.com,Energia
483,dweighell3@reuters.com,tregitz8@about.me,Relatório
484,ydorsay9@engadget.com,tjewise7@si.edu,Clientes
485,aaskew8@miibeian.gov.cn,lpomphrey5@netvibes.com,Faturamento
486,ydorsay9@engadget.com,atatlow0@cargocollective.com,Logística
487,asleeman5@businesswire.com,rkendred9@disqus.com,Entrega
488,dweighell3@reuters.com,aaskew8@miibeian.gov.cn,Faturamento
489,ooswick1@w3.org,zgarraway1@yandex.ru,Estoque
490,rkendred9@disqus.com,zgarraway1@yandex.ru,Prazos
491,mshillaker6@tripod.com,oreglar7@china.com.cn,Relatório
492,oreglar7@china.com.cn,aropkes3@hugedomains.com,Relatório
493,dweighell3@reuters.com,mshillaker6@tripod.com,Energia
494,ydorsay9@engadget.com,tjewise7@si.edu,Prazos
495,asleeman5@businesswire.com,rsilburn2@eventbrite.com,Prazos
496,jjowers4@sakura.ne.jp,jgreguoli4@zimbio.com,Prazos
497,jjowers4@sakura.ne.jp,jgreguoli4@zimbio.com,Estoque
498,mshillaker6@tripod.com,rsilburn2@eventbrite.com,Logística
499,rkendred9@disqus.com,ydorsay9@engadget.com,Entrega
500,astanislaw2@google.co.uk,aropkes3@hugedomains.com,Entrega
501,tregitz8@about.me,rsilburn2@eventbrite.com,Faturamento
502,ydorsay9@engadget.com,atatlow0@cargocollective.com,Clientes
503,atatlow0@cargocollective.com,rsilburn2@eventbrite.com,Compras
504,mshillaker6@tripod.com,aaskew8@miibeian.gov.cn,Relatório
505,zgarraway1@yandex.ru,ooswick1@w3.org,Clientes
506,jjowers4@sakura.ne.jp,estudeart0@state.gov,Faturamento
507,aaskew8@miibeian.gov.cn,tjewise7@si.edu,Relatório
508,abellord6@illinois.edu,abellord6@illinois.edu,Logística
509,astanislaw2@google.co.uk,aaskew8@miibeian.gov.cn,Faturamento
510,mshillaker6@tripod.com,astanislaw2@google.co.uk,Energia
511,lpomphrey5@netvibes.com,estudeart0@state.gov,Prejuizo
512,ydorsay9@engadget.com,jjowers4@sakura.ne.jp,Logística
513,aaskew8@miibeian.gov.cn,oreglar7@china.com.cn,Relatório
514,atatlow0@cargocollective.com,jgreguoli4@zimbio.com,Energia
515,jgreguoli4@zimbio.com,estudeart0@state.gov,Entrega
516,asleeman5@businesswire.com,tjewise7@si.edu,Logística
517,ooswick1@w3.org,dweighell3@reuters.com,Faturamento
518,aaskew8@miibeian.gov.cn,rkendred9@disqus.com,Estoque
519,ooswick1@w3.org,aaskew8@miibeian.gov.cn,Clientes
520,rkendred9@disqus.com,asleeman5@businesswire.com,Entrega
521,rsilburn2@eventbrite.com,astanislaw2@google.co.uk,Logística
522,jjowers4@sakura.ne.jp,dweighell3@reuters.com,Logística
523,ydorsay9@engadget.com,astanislaw2@google.co.uk,Compras
524,zgarraway1@yandex.ru,asleeman5@businesswire.com,Prejuizo
525,oreglar7@china.com.cn,astanislaw2@google.co.uk,Logística
526,zgarraway1@yandex.ru,asleeman5@businesswire.com,Clientes
527,zgarraway1@yandex.ru,dweighell3@reuters.com,Relatório
528,tjewise7@si.edu,rkendred9@disqus.com,Prejuizo
529,jjowers4@sakura.ne.jp,aropkes3@hugedomains.com,Estoque
530,asleeman5@businesswire.com,tregitz8@about.me,Faturamento
531,aropkes3@hugedomains.com,oreglar7@china.com.cn,Estoque
532,rsilburn2@eventbrite.com,estudeart0@state.gov,Logística
533,rkendred9@disqus.com,jgreguoli4@zimbio.com,Entrega
534,tregitz8@about.me,ooswick1@w3.org,Logística
535,lpomphrey5@netvibes.com,ydorsay9@engadget.com,Estoque
536,jgreguoli4@zimbio.com,dweighell3@reuters.com,Logística
537,abellord6@illinois.edu,jgreguoli4@zimbio.com,Relatório
538,rkendred9@disqus.com,atatlow0@cargocollective.com,Faturamento
539,ydorsay9@engadget.com,ydorsay9@engadget.com,Entrega
540,estudeart0@state.gov,jgreguoli4@zimbio.com,Relatório
541,jjowers4@sakura.ne.jp,tjewise7@si.edu,Logística
542,astanislaw2@google.co.uk,jjowers4@sakura.ne.jp,Prejuizo
543,aropkes3@hugedomains.com,tregitz8@about.me,Estoque
544,ydorsay9@engadget.com,atatlow0@cargocollective.com,Clientes
545,aaskew8@miibeian.gov.cn,atatlow0@cargocollective.com,Logística
546,astanislaw2@google.co.uk,ooswick1@w3.org,Logística
547,atatlow0@cargocollective.com,zgarraway1@yandex.ru,Compras
548,dweighell3@reuters.com,ydorsay9@engadget.com,Estoque
549,jgreguoli4@zimbio.com,tregitz8@about.me,Energia
550,aropkes3@hugedomains.com,estudeart0@state.gov,Compras
551,asleeman5@businesswire.com,dweighell3@reuters.com,Logística
552,zgarraway1@yandex.ru,jjowers4@sakura.ne.jp,Prazos
553,abellord6@illinois.edu,zgarraway1@yandex.ru,Estoque
554,astanislaw2@google.co.uk,lpomphrey5@netvibes.com,Logística
555,asleeman5@businesswire.com,rsilburn2@eventbrite.com,Clientes
556,aropkes3@hugedomains.com,estudeart0@state.gov,Faturamento
557,jjowers4@sakura.ne.jp,jgreguoli4@zimbio.com,Entrega
558,asleeman5@businesswire.com,astanislaw2@google.co.uk,Estoque
559,rkendred9@disqus.com,aaskew8@miibeian.gov.cn,Energia
560,jgreguoli4@zimbio.com,abellord6@illinois.edu,Energia
561,rsilburn2@eventbrite.com,tjewise7@si.edu,Compras
562,ydorsay9@engadget.com,oreglar7@china.com.cn,Energia
563,ydorsay9@engadget.com,abellord6@illinois.edu,Clientes
564,dweighell3@reuters.com,abellord6@illinois.edu,Relatório
565,oreglar7@china.com.cn,abellord6@illinois.edu,Entrega
566,zgarraway1@yandex.ru,astanislaw2@google.co.uk,Estoque
567,jjowers4@sakura.ne.jp,zgarraway1@yandex.ru,Compras
568,jjowers4@sakura.ne.jp,asleeman5@businesswire.com,Relatório
569,zgarraway1@yandex.ru,atatlow0@cargocollective.com,Entrega
570,oreglar7@china.com.cn,ydorsay9@engadget.com,Compras
571,asleeman5@businesswire.com,aaskew8@miibeian.gov.cn,Prazos
572,dweighell3@reuters.com,abellord6@illinois.edu,Prejuizo
573,abellord6@illinois.edu,mshillaker6@tripod.com,Faturamento
574,tjewise7@si.edu,dweighell3@reuters.com,Prazos
575,astanislaw2@google.co.uk,tregitz8@about.me,Clientes
576,tregitz8@about.me,tregitz8@about.me,Prejuizo
577,dweighell3@reuters.com,ydorsay9@engadget.com,Prejuizo
578,jgreguoli4@zimbio.com,tjewise7@si.edu,Entrega
579,dweighell3@reuters.com,aropkes3@hugedomains.com,Faturamento
580,rsilburn2@eventbrite.com,estudeart0@state.gov,Entrega
581,lpomphrey5@netvibes.com,estudeart0@state.gov,Relatório
582,jgreguoli4@zimbio.com,abellord6@illinois.edu,Estoque
583,tjewise7@si.edu,tregitz8@about.me,Energia
584,ydorsay9@engadget.com,rkendred9@disqus.com,Clientes
585,aropkes3@hugedomains.com,tjewise7@si.edu,Logística
586,aaskew8@miibeian.gov.cn,jgreguoli4@zimbio.com,Estoque
587,mshillaker6@tripod.com,atatlow0@cargocollective.com,Energia
588,ooswick1@w3.org,lpomphrey5@netvibes.com,Clientes
589,estudeart0@state.gov,zgarraway1@yandex.ru,Logística
590,atatlow0@cargocollective.com,rsilburn2@eventbrite.com,Estoque
591,lpomphrey5@netvibes.com,rkendred9@disqus.com,Estoque
592,asleeman5@businesswire.com,ooswick1@w3.org,Estoque
593,jgreguoli4@zimbio.com,lpomphrey5@netvibes.com,Faturamento
594,astanislaw2@google.co.uk,atatlow0@cargocollective.com,Compras
595,ooswick1@w3.org,astanislaw2@google.co.uk,Relatório
596,mshillaker6@tripod.com,lpomphrey5@netvibes.com,Clientes
597,tregitz8@about.me,aropkes3@hugedomains.com,Logística
598,jgreguoli4@zimbio.com,estudeart0@state.gov,Logística
599,oreglar7@china.com.cn,estudeart0@state.gov,Prejuizo
600,oreglar7@china.com.cn,estudeart0@state.gov,Energia
601,ydorsay9@engadget.com,estudeart0@state.gov,Energia
602,aropkes3@hugedomains.com,dweighell3@reuters.com,Relatório
603,dweighell3@reuters.com,oreglar7@china.com.cn,Estoque
604,zgarraway1@yandex.ru,ooswick1@w3.org,Prejuizo
605,jgreguoli4@zimbio.com,rsilburn2@eventbrite.com,Energia
606,astanislaw2@google.co.uk,ooswick1@w3.org,Prazos
607,jjowers4@sakura.ne.jp,abellord6@illinois.edu,Energia
608,lpomphrey5@netvibes.com,mshillaker6@tripod.com,Prazos
609,zgarraway1@yandex.ru,dweighell3@reuters.com,Prejuizo
610,mshillaker6@tripod.com,tjewise7@si.edu,Relatório
611,ooswick1@w3.org,estudeart0@state.gov,Prejuizo
612,aropkes3@hugedomains.com,estudeart0@state.gov,Prejuizo
613,lpomphrey5@netvibes.com,aaskew8@miibeian.gov.cn,Compras
614,mshillaker6@tripod.com,atatlow0@cargocollective.com,Prazos
615,oreglar7@china.com.cn,jgreguoli4@zimbio.com,Estoque
616,mshillaker6@tripod.com,abellord6@illinois.edu,Entrega
617,astanislaw2@google.co.uk,atatlow0@cargocollective.com,Prazos
618,estudeart0@state.gov,jjowers4@sakura.ne.jp,Estoque
619,jgreguoli4@zimbio.com,lpomphrey5@netvibes.com,Clientes
620,jgreguoli4@zimbio.com,tjewise7@si.edu,Clientes
621,tjewise7@si.edu,aropkes3@hugedomains.com,Clientes
622,estudeart0@state.gov,asleeman5@businesswire.com,Entrega
623,rkendred9@disqus.com,ooswick1@w3.org,Faturamento
624,abellord6@illinois.edu,tjewise7@si.edu,Prejuizo
625,tregitz8@about.me,ydorsay9@engadget.com,Estoque
626,rkendred9@disqus.com,tjewise7@si.edu,Prazos
627,ooswick1@w3.org,zgarraway1@yandex.ru,Relatório
628,ydorsay9@engadget.com,ooswick1@w3.org,Relatório
629,rsilburn2@eventbrite.com,atatlow0@cargocollective.com,Relatório
630,dweighell3@reuters.com,jjowers4@sakura.ne.jp,Faturamento
631,lpomphrey5@netvibes.com,mshillaker6@tripod.com,Compras
632,lpomphrey5@netvibes.com,tjewise7@si.edu,Prejuizo
633,ydorsay9@engadget.com,tjewise7@si.edu,Energia
634,estudeart0@state.gov,aaskew8@miibeian.gov.cn,Prazos
635,tjewise7@si.edu,dweighell3@reuters.com,Faturamento
636,lpomphrey5@netvibes.com,asleeman5@businesswire.com,Energia
637,rkendred9@disqus.com,dweighell3@reuters.com,Entrega
638,jjowers4@sakura.ne.jp,rkendred9@disqus.com,Clientes
639,rkendred9@disqus.com,zgarraway1@yandex.ru,Entrega
640,rkendred9@disqus.com,ydorsay9@engadget.com,Relatório
641,rsilburn2@eventbrite.com,rsilburn2@eventbrite.com,Estoque
642,astanislaw2@google.co.uk,rsilburn2@eventbrite.com,Prazos
643,mshillaker6@tripod.com,rsilburn2@eventbrite.com,Faturamento
644,ooswick1@w3.org,oreglar7@china.com.cn,Clientes
645,lpomphrey5@netvibes.com,rsilburn2@eventbrite.com,Entrega
646,atatlow0@cargocollective.com,abellord6@illinois.edu,Prazos
647,asleeman5@businesswire.com,abellord6@illinois.edu,Logística
648,dweighell3@reuters.com,oreglar7@china.com.cn,Entrega
649,dweighell3@reuters.com,rkendred9@disqus.com,Relatório
650,aaskew8@miibeian.gov.cn,rsilburn2@eventbrite.com,Entrega
651,lpomphrey5@netvibes.com,jgreguoli4@zimbio.com,Compras
652,jgreguoli4@zimbio.com,rkendred9@disqus.com,Prazos
653,aaskew8@miibeian.gov.cn,rkendred9@disqus.com,Logística
654,asleeman5@businesswire.com,abellord6@illinois.edu,Logística
655,zgarraway1@yandex.ru,asleeman5@businesswire.com,Logística
656,dweighell3@reuters.com,mshillaker6@tripod.com,Relatório
657,abellord6@illinois.edu,ooswick1@w3.org,Estoque
658,abellord6@illinois.edu,tregitz8@about.me,Relatório
659,estudeart0@state.gov,abellord6@illinois.edu,Logística
660,ydorsay9@engadget.com,astanislaw2@google.co.uk,Relatório
661,jgreguoli4@zimbio.com,estudeart0@state.gov,Prazos
662,rkendred9@disqus.com,tregitz8@about.me,Compras
663,ydorsay9@engadget.com,tregitz8@about.me,Logística
664,abellord6@illinois.edu,dweighell3@reuters.com,Relatório
665,astanislaw2@google.co.uk,atatlow0@cargocollective.com,Clientes
666,abellord6@illinois.edu,ydorsay9@engadget.com,Clientes
667,jgreguoli4@zimbio.com,estudeart0@state.gov,Compras
668,abellord6@illinois.edu,rkendred9@disqus.com,Compras
669,rsilburn2@eventbrite.com,aropkes3@hugedomains.com,Prazos
670,ydorsay9@engadget.com,asleeman5@businesswire.com,Estoque
671,rsilburn2@eventbrite.com,aropkes3@hugedomains.com,Estoque
672,atatlow0@cargocollective.com,oreglar7@china.com.cn,Logística
673,rkendred9@disqus.com,ydorsay9@engadget.com,Compras
674,zgarraway1@yandex.ru,atatlow0@cargocollective.com,Estoque
675,tjewise7@si.edu,jgreguoli4@zimbio.com,Prazos
676,astanislaw2@google.co.uk,rsilburn2@eventbrite.com,Relatório
677,abellord6@illinois.edu,abellord6@illinois.edu,Prazos
678,aropkes3@hugedomains.com,astanislaw2@google.co.uk,Compras
679,ydorsay9@engadget.com,jjowers4@sakura.ne.jp,Estoque
680,oreglar7@china.com.cn,atatlow0@cargocollective.com,Relatório
681,abellord6@illinois.edu,ydorsay9@engadget.com,Logística
682,aropkes3@hugedomains.com,dweighell3@reuters.com,Entrega
683,estudeart0@state.gov,zgarraway1@yandex.ru,Clientes
684,dweighell3@reuters.com,rkendred9@disqus.com,Prejuizo
685,jgreguoli4@zimbio.com,jgreguoli4@zimbio.com,Compras
686,zgarraway1@yandex.ru,lpomphrey5@netvibes.com,Energia
687,estudeart0@state.gov,atatlow0@cargocollective.com,Relatório
688,aropkes3@hugedomains.com,zgarraway1@yandex.ru,Energia
689,tjewise7@si.edu,astanislaw2@google.co.uk,Prazos
690,aropkes3@hugedomains.com,jgreguoli4@zimbio.com,Logística
691,mshillaker6@tripod.com,ydorsay9@engadget.com,Compras
692,ooswick1@w3.org,oreglar7@china.com.cn,Prazos
693,tjewise7@si.edu,ooswick1@w3.org,Entrega
694,ydorsay9@engadget.com,abellord6@illinois.edu,Relatório
695,ooswick1@w3.org,abellord6@illinois.edu,Prejuizo
696,zgarraway1@yandex.ru,rsilburn2@eventbrite.com,Clientes
697,asleeman5@businesswire.com,estudeart0@state.gov,Estoque
698,abellord6@illinois.edu,jjowers4@sakura.ne.jp,Entrega
699,dweighell3@reuters.com,jjowers4@sakura.ne.jp,Estoque
700,tjewise7@si.edu,atatlow0@cargocollective.com,Entrega
701,jjowers4@sakura.ne.jp,aropkes3@hugedomains.com,Logística
702,astanislaw2@google.co.uk,jjowers4@sakura.ne.jp,Clientes
703,zgarraway1@yandex.ru,jjowers4@sakura.ne.jp,Prazos
704,tregitz8@about.me,abellord6@illinois.edu,Estoque
705,asleeman5@businesswire.com,dweighell3@reuters.com,Energia
706,mshillaker6@tripod.com,jjowers4@sakura.ne.jp,Compras
707,astanislaw2@google.co.uk,abellord6@illinois.edu,Relatório
708,atatlow0@cargocollective.com,dweighell3@reuters.com,Energia
709,mshillaker6@tripod.com,ooswick1@w3.org,Compras
710,jjowers4@sakura.ne.jp,rsilburn2@eventbrite.com,Energia
711,mshillaker6@tripod.com,aropkes3@hugedomains.com,Faturamento
712,rkendred9@disqus.com,atatlow0@cargocollective.com,Relatório
713,rsilburn2@eventbrite.com,mshillaker6@tripod.com,Estoque
714,zgarraway1@yandex.ru,tjewise7@si.edu,Prejuizo
715,aropkes3@hugedomains.com,zgarraway1@yandex.ru,Logística
716,atatlow0@cargocollective.com,atatlow0@cargocollective.com,Compras
717,tregitz8@about.me,astanislaw2@google.co.uk,Clientes
718,estudeart0@state.gov,jjowers4@sakura.ne.jp,Prazos
719,dweighell3@reuters.com,atatlow0@cargocollective.com,Clientes
720,aaskew8@miibeian.gov.cn,lpomphrey5@netvibes.com,Prejuizo
721,abellord6@illinois.edu,oreglar7@china.com.cn,Prazos
722,abellord6@illinois.edu,dweighell3@reuters.com,Prejuizo
723,oreglar7@china.com.cn,asleeman5@businesswire.com,Entrega
724,estudeart0@state.gov,rkendred9@disqus.com,Estoque
725,abellord6@illinois.edu,mshillaker6@tripod.com,Compras
726,tjewise7@si.edu,dweighell3@reuters.com,Prazos
727,tjewise7@si.edu,rkendred9@disqus.com,Logística
728,ydorsay9@engadget.com,rsilburn2@eventbrite.com,Entrega
729,rkendred9@disqus.com,jjowers4@sakura.ne.jp,Clientes
730,lpomphrey5@netvibes.com,tregitz8@about.me,Clientes
731,aaskew8@miibeian.gov.cn,lpomphrey5@netvibes.com,Prejuizo
732,tjewise7@si.edu,tjewise7@si.edu,Estoque
733,zgarraway1@yandex.ru,aropkes3@hugedomains.com,Faturamento
734,asleeman5@businesswire.com,abellord6@illinois.edu,Clientes
735,oreglar7@china.com.cn,lpomphrey5@netvibes.com,Logística
736,jgreguoli4@zimbio.com,mshillaker6@tripod.com,Prazos
737,rsilburn2@eventbrite.com,abellord6@illinois.edu,Logística
738,lpomphrey5@netvibes.com,rsilburn2@eventbrite.com,Relatório
739,estudeart0@state.gov,aaskew8@miibeian.gov.cn,Estoque
740,estudeart0@state.gov,aropkes3@hugedomains.com,Entrega
741,aaskew8@miibeian.gov.cn,jjowers4@sakura.ne.jp,Compras
742,dweighell3@reuters.com,ooswick1@w3.org,Energia
743,asleeman5@businesswire.com,jjowers4@sakura.ne.jp,Estoque
744,mshillaker6@tripod.com,ooswick1@w3.org,Entrega
745,atatlow0@cargocollective.com,estudeart0@state.gov,Faturamento
746,zgarraway1@yandex.ru,abellord6@illinois.edu,Logística
747,estudeart0@state.gov,dweighell3@reuters.com,Prazos
748,tregitz8@about.me,lpomphrey5@netvibes.com,Energia
749,jgreguoli4@zimbio.com,aaskew8@miibeian.gov.cn,Compras
750,lpomphrey5@netvibes.com,rkendred9@disqus.com,Estoque
751,ooswick1@w3.org,rsilburn2@eventbrite.com,Faturamento
752,lpomphrey5@netvibes.com,asleeman5@businesswire.com,Estoque
753,jjowers4@sakura.ne.jp,ooswick1@w3.org,Faturamento
754,tjewise7@si.edu,aaskew8@miibeian.gov.cn,Entrega
755,asleeman5@businesswire.com,atatlow0@cargocollective.com,Energia
756,dweighell3@reuters.com,jgreguoli4@zimbio.com,Compras
757,rkendred9@disqus.com,zgarraway1@yandex.ru,Prejuizo
758,aropkes3@hugedomains.com,ydorsay9@engadget.com,Faturamento
759,abellord6@illinois.edu,jjowers4@sakura.ne.jp,Estoque
760,rkendred9@disqus.com,dweighell3@reuters.com,Prazos
761,lpomphrey5@netvibes.com,ooswick1@w3.org,Logística
762,asleeman5@businesswire.com,ooswick1@w3.org,Relatório
763,abellord6@illinois.edu,ydorsay9@engadget.com,Prejuizo
764,asleeman5@businesswire.com,ooswick1@w3.org,Energia
765,lpomphrey5@netvibes.com,ooswick1@w3.org,Estoque
766,ydorsay9@engadget.com,aropkes3@hugedomains.com,Energia
767,abellord6@illinois.edu,tregitz8@about.me,Prejuizo
768,astanislaw2@google.co.uk,jjowers4@sakura.ne.jp,Compras
769,ydorsay9@engadget.com,aaskew8@miibeian.gov.cn,Compras
770,dweighell3@reuters.com,zgarraway1@yandex.ru,Prazos
771,lpomphrey5@netvibes.com,jjowers4@sakura.ne.jp,Estoque
772,atatlow0@cargocollective.com,tregitz8@about.me,Energia
773,rkendred9@disqus.com,tregitz8@about.me,Prejuizo
774,oreglar7@china.com.cn,jgreguoli4@zimbio.com,Relatório
775,abellord6@illinois.edu,estudeart0@state.gov,Prazos
776,oreglar7@china.com.cn,lpomphrey5@netvibes.com,Faturamento
777,astanislaw2@google.co.uk,tjewise7@si.edu,Energia
778,tjewise7@si.edu,mshillaker6@tripod.com,Prejuizo
779,atatlow0@cargocollective.com,aropkes3@hugedomains.com,Clientes
780,tregitz8@about.me,dweighell3@reuters.com,Prazos
781,tregitz8@about.me,asleeman5@businesswire.com,Estoque
782,rkendred9@disqus.com,aropkes3@hugedomains.com,Energia
783,jjowers4@sakura.ne.jp,atatlow0@cargocollective.com,Compras
784,dweighell3@reuters.com,lpomphrey5@netvibes.com,Relatório
785,astanislaw2@google.co.uk,jgreguoli4@zimbio.com,Estoque
786,astanislaw2@google.co.uk,rkendred9@disqus.com,Logística
787,ydorsay9@engadget.com,dweighell3@reuters.com,Logística
788,oreglar7@china.com.cn,mshillaker6@tripod.com,Prazos
789,asleeman5@businesswire.com,abellord6@illinois.edu,Energia
790,aropkes3@hugedomains.com,jjowers4@sakura.ne.jp,Estoque
791,oreglar7@china.com.cn,mshillaker6@tripod.com,Compras
792,ooswick1@w3.org,mshillaker6@tripod.com,Energia
793,atatlow0@cargocollective.com,tjewise7@si.edu,Estoque
794,mshillaker6@tripod.com,oreglar7@china.com.cn,Prejuizo
795,rsilburn2@eventbrite.com,astanislaw2@google.co.uk,Relatório
796,aropkes3@hugedomains.com,rkendred9@disqus.com,Prazos
797,rkendred9@disqus.com,aaskew8@miibeian.gov.cn,Energia
798,aaskew8@miibeian.gov.cn,mshillaker6@tripod.com,Estoque
799,aaskew8@miibeian.gov.cn,zgarraway1@yandex.ru,Compras
800,mshillaker6@tripod.com,ooswick1@w3.org,Relatório
801,tjewise7@si.edu,jjowers4@sakura.ne.jp,Logística
802,dweighell3@reuters.com,rsilburn2@eventbrite.com,Prejuizo
803,atatlow0@cargocollective.com,aaskew8@miibeian.gov.cn,Faturamento
804,estudeart0@state.gov,rkendred9@disqus.com,Clientes
805,astanislaw2@google.co.uk,abellord6@illinois.edu,Energia
806,atatlow0@cargocollective.com,zgarraway1@yandex.ru,Energia
807,rkendred9@disqus.com,jgreguoli4@zimbio.com,Compras
808,tjewise7@si.edu,atatlow0@cargocollective.com,Prazos
809,atatlow0@cargocollective.com,atatlow0@cargocollective.com,Estoque
810,rsilburn2@eventbrite.com,atatlow0@cargocollective.com,Prejuizo
811,rsilburn2@eventbrite.com,mshillaker6@tripod.com,Prazos
812,mshillaker6@tripod.com,jgreguoli4@zimbio.com,Prejuizo
813,rkendred9@disqus.com,jjowers4@sakura.ne.jp,Estoque
814,atatlow0@cargocollective.com,ooswick1@w3.org,Clientes
815,aropkes3@hugedomains.com,tregitz8@about.me,Relatório
816,asleeman5@businesswire.com,dweighell3@reuters.com,Clientes
817,ydorsay9@engadget.com,astanislaw2@google.co.uk,Faturamento
818,ydorsay9@engadget.com,jjowers4@sakura.ne.jp,Prejuizo
819,atatlow0@cargocollective.com,mshillaker6@tripod.com,Clientes
820,aropkes3@hugedomains.com,dweighell3@reuters.com,Entrega
821,ydorsay9@engadget.com,ooswick1@w3.org,Relatório
822,abellord6@illinois.edu,tjewise7@si.edu,Clientes
823,rkendred9@disqus.com,aropkes3@hugedomains.com,Prazos
824,jjowers4@sakura.ne.jp,abellord6@illinois.edu,Prejuizo
825,tregitz8@about.me,dweighell3@reuters.com,Energia
826,dweighell3@reuters.com,rkendred9@disqus.com,Prejuizo
827,astanislaw2@google.co.uk,jjowers4@sakura.ne.jp,Faturamento
828,ydorsay9@engadget.com,abellord6@illinois.edu,Prejuizo
829,jgreguoli4@zimbio.com,abellord6@illinois.edu,Relatório
830,estudeart0@state.gov,abellord6@illinois.edu,Logística
831,rkendred9@disqus.com,estudeart0@state.gov,Prejuizo
832,atatlow0@cargocollective.com,asleeman5@businesswire.com,Energia
833,atatlow0@cargocollective.com,abellord6@illinois.edu,Faturamento
834,asleeman5@businesswire.com,estudeart0@state.gov,Entrega
835,jjowers4@sakura.ne.jp,jjowers4@sakura.ne.jp,Logística
836,aropkes3@hugedomains.com,abellord6@illinois.edu,Compras
837,tregitz8@about.me,aropkes3@hugedomains.com,Logística
838,aaskew8@miibeian.gov.cn,asleeman5@businesswire.com,Clientes
839,rsilburn2@eventbrite.com,oreglar7@china.com.cn,Compras
840,aropkes3@hugedomains.com,ooswick1@w3.org,Prazos
841,dweighell3@reuters.com,jjowers4@sakura.ne.jp,Clientes
842,tjewise7@si.edu,tregitz8@about.me,Faturamento
843,abellord6@illinois.edu,lpomphrey5@netvibes.com,Relatório
844,aaskew8@miibeian.gov.cn,rsilburn2@eventbrite.com,Compras
845,lpomphrey5@netvibes.com,tjewise7@si.edu,Energia
846,asleeman5@businesswire.com,ydorsay9@engadget.com,Entrega
847,asleeman5@businesswire.com,rkendred9@disqus.com,Faturamento
848,dweighell3@reuters.com,abellord6@illinois.edu,Compras
849,jgreguoli4@zimbio.com,zgarraway1@yandex.ru,Entrega
850,oreglar7@china.com.cn,astanislaw2@google.co.uk,Estoque
851,abellord6@illinois.edu,lpomphrey5@netvibes.com,Logística
852,rsilburn2@eventbrite.com,ydorsay9@engadget.com,Entrega
853,tjewise7@si.edu,asleeman5@businesswire.com,Prazos
854,oreglar7@china.com.cn,aropkes3@hugedomains.com,Logística
855,aaskew8@miibeian.gov.cn,oreglar7@china.com.cn,Entrega
856,abellord6@illinois.edu,zgarraway1@yandex.ru,Prazos
857,asleeman5@businesswire.com,rkendred9@disqus.com,Faturamento
858,jgreguoli4@zimbio.com,abellord6@illinois.edu,Prazos
859,abellord6@illinois.edu,estudeart0@state.gov,Compras
860,jjowers4@sakura.ne.jp,jjowers4@sakura.ne.jp,Prejuizo
861,oreglar7@china.com.cn,mshillaker6@tripod.com,Prejuizo
862,lpomphrey5@netvibes.com,asleeman5@businesswire.com,Entrega
863,aropkes3@hugedomains.com,estudeart0@state.gov,Prazos
864,jjowers4@sakura.ne.jp,lpomphrey5@netvibes.com,Entrega
865,jgreguoli4@zimbio.com,mshillaker6@tripod.com,Compras
866,oreglar7@china.com.cn,tjewise7@si.edu,Energia
867,asleeman5@businesswire.com,rkendred9@disqus.com,Prazos
868,abellord6@illinois.edu,dweighell3@reuters.com,Estoque
869,tjewise7@si.edu,lpomphrey5@netvibes.com,Faturamento
870,aropkes3@hugedomains.com,astanislaw2@google.co.uk,Compras
871,mshillaker6@tripod.com,aaskew8@miibeian.gov.cn,Clientes
872,atatlow0@cargocollective.com,ydorsay9@engadget.com,Faturamento
873,tregitz8@about.me,aaskew8@miibeian.gov.cn,Compras
874,aropkes3@hugedomains.com,oreglar7@china.com.cn,Entrega
875,tjewise7@si.edu,atatlow0@cargocollective.com,Relatório
876,ydorsay9@engadget.com,abellord6@illinois.edu,Relatório
877,aaskew8@miibeian.gov.cn,rkendred9@disqus.com,Logística
878,estudeart0@state.gov,mshillaker6@tripod.com,Relatório
879,aaskew8@miibeian.gov.cn,atatlow0@cargocollective.com,Faturamento
880,tregitz8@about.me,aaskew8@miibeian.gov.cn,Relatório
881,abellord6@illinois.edu,asleeman5@businesswire.com,Relatório
882,aaskew8@miibeian.gov.cn,aaskew8@miibeian.gov.cn,Prazos
883,mshillaker6@tripod.com,rsilburn2@eventbrite.com,Faturamento
884,ydorsay9@engadget.com,zgarraway1@yandex.ru,Energia
885,rsilburn2@eventbrite.com,aropkes3@hugedomains.com,Energia
886,rkendred9@disqus.com,mshillaker6@tripod.com,Faturamento
887,astanislaw2@google.co.uk,zgarraway1@yandex.ru,Prazos
888,ydorsay9@engadget.com,lpomphrey5@netvibes.com,Estoque
889,astanislaw2@google.co.uk,rsilburn2@eventbrite.com,Prazos
890,abellord6@illinois.edu,tjewise7@si.edu,Faturamento
891,tjewise7@si.edu,ydorsay9@engadget.com,Estoque
892,asleeman5@businesswire.com,atatlow0@cargocollective.com,Energia
893,zgarraway1@yandex.ru,lpomphrey5@netvibes.com,Prejuizo
894,rkendred9@disqus.com,ooswick1@w3.org,Entrega
895,aaskew8@miibeian.gov.cn,aaskew8@miibeian.gov.cn,Entrega
896,atatlow0@cargocollective.com,asleeman5@businesswire.com,Clientes
897,atatlow0@cargocollective.com,rsilburn2@eventbrite.com,Energia
898,aaskew8@miibeian.gov.cn,rsilburn2@eventbrite.com,Entrega
899,tregitz8@about.me,astanislaw2@google.co.uk,Logística
900,estudeart0@state.gov,oreglar7@china.com.cn,Entrega
901,asleeman5@businesswire.com,dweighell3@reuters.com,Entrega
902,oreglar7@china.com.cn,ooswick1@w3.org,Prejuizo
903,zgarraway1@yandex.ru,ooswick1@w3.org,Relatório
904,rkendred9@disqus.com,astanislaw2@google.co.uk,Prazos
905,ooswick1@w3.org,jjowers4@sakura.ne.jp,Logística
906,tregitz8@about.me,jjowers4@sakura.ne.jp,Entrega
907,asleeman5@businesswire.com,jjowers4@sakura.ne.jp,Compras
908,atatlow0@cargocollective.com,mshillaker6@tripod.com,Logística
909,mshillaker6@tripod.com,tjewise7@si.edu,Relatório
910,aropkes3@hugedomains.com,lpomphrey5@netvibes.com,Faturamento
911,ooswick1@w3.org,lpomphrey5@netvibes.com,Logística
912,oreglar7@china.com.cn,tjewise7@si.edu,Clientes
913,ooswick1@w3.org,ydorsay9@engadget.com,Logística
914,estudeart0@state.gov,aaskew8@miibeian.gov.cn,Prazos
915,estudeart0@state.gov,tjewise7@si.edu,Energia
916,dweighell3@reuters.com,estudeart0@state.gov,Estoque
917,atatlow0@cargocollective.com,rsilburn2@eventbrite.com,Logística
918,astanislaw2@google.co.uk,ooswick1@w3.org,Prejuizo
919,dweighell3@reuters.com,zgarraway1@yandex.ru,Faturamento
920,atatlow0@cargocollective.com,atatlow0@cargocollective.com,Prejuizo
921,jgreguoli4@zimbio.com,ooswick1@w3.org,Logística
922,oreglar7@china.com.cn,tjewise7@si.edu,Prazos
923,zgarraway1@yandex.ru,ooswick1@w3.org,Prazos
924,aropkes3@hugedomains.com,asleeman5@businesswire.com,Estoque
925,estudeart0@state.gov,oreglar7@china.com.cn,Estoque
926,mshillaker6@tripod.com,abellord6@illinois.edu,Prazos
927,tjewise7@si.edu,atatlow0@cargocollective.com,Relatório
928,lpomphrey5@netvibes.com,oreglar7@china.com.cn,Relatório
929,jjowers4@sakura.ne.jp,jjowers4@sakura.ne.jp,Prazos
930,mshillaker6@tripod.com,rsilburn2@eventbrite.com,Estoque
931,aropkes3@hugedomains.com,oreglar7@china.com.cn,Estoque
932,estudeart0@state.gov,jjowers4@sakura.ne.jp,Prejuizo
933,atatlow0@cargocollective.com,asleeman5@businesswire.com,Logística
934,oreglar7@china.com.cn,jgreguoli4@zimbio.com,Faturamento
935,jgreguoli4@zimbio.com,aropkes3@hugedomains.com,Entrega
936,aaskew8@miibeian.gov.cn,zgarraway1@yandex.ru,Prejuizo
937,rkendred9@disqus.com,jgreguoli4@zimbio.com,Energia
938,ydorsay9@engadget.com,aropkes3@hugedomains.com,Logística
939,jjowers4@sakura.ne.jp,asleeman5@businesswire.com,Prazos
940,astanislaw2@google.co.uk,jgreguoli4@zimbio.com,Energia
941,tjewise7@si.edu,lpomphrey5@netvibes.com,Prejuizo
942,estudeart0@state.gov,astanislaw2@google.co.uk,Prazos
943,zgarraway1@yandex.ru,aropkes3@hugedomains.com,Prazos
944,dweighell3@reuters.com,rkendred9@disqus.com,Estoque
945,tregitz8@about.me,abellord6@illinois.edu,Prejuizo
946,ooswick1@w3.org,dweighell3@reuters.com,Estoque
947,tjewise7@si.edu,oreglar7@china.com.cn,Energia
948,asleeman5@businesswire.com,estudeart0@state.gov,Prejuizo
949,ydorsay9@engadget.com,dweighell3@reuters.com,Energia
950,estudeart0@state.gov,ooswick1@w3.org,Relatório
951,oreglar7@china.com.cn,lpomphrey5@netvibes.com,Compras
952,aropkes3@hugedomains.com,tjewise7@si.edu,Energia
953,ooswick1@w3.org,jjowers4@sakura.ne.jp,Prejuizo
954,lpomphrey5@netvibes.com,dweighell3@reuters.com,Faturamento
955,ooswick1@w3.org,estudeart0@state.gov,Prejuizo
956,zgarraway1@yandex.ru,ooswick1@w3.org,Compras
957,jgreguoli4@zimbio.com,lpomphrey5@netvibes.com,Prejuizo
958,jgreguoli4@zimbio.com,dweighell3@reuters.com,Logística
959,ydorsay9@engadget.com,jgreguoli4@zimbio.com,Compras
960,aropkes3@hugedomains.com,asleeman5@businesswire.com,Estoque
961,ydorsay9@engadget.com,oreglar7@china.com.cn,Energia
962,mshillaker6@tripod.com,dweighell3@reuters.com,Energia
963,astanislaw2@google.co.uk,aropkes3@hugedomains.com,Energia
964,atatlow0@cargocollective.com,jgreguoli4@zimbio.com,Estoque
965,astanislaw2@google.co.uk,rsilburn2@eventbrite.com,Relatório
966,mshillaker6@tripod.com,asleeman5@businesswire.com,Prazos
967,asleeman5@businesswire.com,ydorsay9@engadget.com,Relatório
968,abellord6@illinois.edu,rkendred9@disqus.com,Clientes
969,oreglar7@china.com.cn,lpomphrey5@netvibes.com,Clientes
970,lpomphrey5@netvibes.com,zgarraway1@yandex.ru,Energia
971,tregitz8@about.me,rkendred9@disqus.com,Logística
972,tregitz8@about.me,ooswick1@w3.org,Logística
973,rsilburn2@eventbrite.com,aropkes3@hugedomains.com,Estoque
974,jjowers4@sakura.ne.jp,tjewise7@si.edu,Logística
975,jgreguoli4@zimbio.com,lpomphrey5@netvibes.com,Prejuizo
976,estudeart0@state.gov,atatlow0@cargocollective.com,Logística
977,tjewise7@si.edu,tjewise7@si.edu,Relatório
978,jjowers4@sakura.ne.jp,jgreguoli4@zimbio.com,Faturamento
979,estudeart0@state.gov,jgreguoli4@zimbio.com,Estoque
980,astanislaw2@google.co.uk,lpomphrey5@netvibes.com,Entrega
981,asleeman5@businesswire.com,aaskew8@miibeian.gov.cn,Compras
982,rkendred9@disqus.com,lpomphrey5@netvibes.com,Entrega
983,ydorsay9@engadget.com,asleeman5@businesswire.com,Logística
984,asleeman5@businesswire.com,astanislaw2@google.co.uk,Estoque
985,estudeart0@state.gov,tregitz8@about.me,Prazos
986,estudeart0@state.gov,zgarraway1@yandex.ru,Energia
987,mshillaker6@tripod.com,rkendred9@disqus.com,Estoque
988,abellord6@illinois.edu,lpomphrey5@netvibes.com,Entrega
989,rsilburn2@eventbrite.com,aaskew8@miibeian.gov.cn,Estoque
990,mshillaker6@tripod.com,tregitz8@about.me,Estoque
991,abellord6@illinois.edu,jgreguoli4@zimbio.com,Relatório
992,zgarraway1@yandex.ru,ooswick1@w3.org,Entrega
993,dweighell3@reuters.com,tjewise7@si.edu,Entrega
994,mshillaker6@tripod.com,atatlow0@cargocollective.com,Estoque
995,lpomphrey5@netvibes.com,abellord6@illinois.edu,Compras
996,ooswick1@w3.org,asleeman5@businesswire.com,Prazos
997,asleeman5@businesswire.com,mshillaker6@tripod.com,Entrega
998,jgreguoli4@zimbio.com,oreglar7@china.com.cn,Logística
999,tjewise7@si.edu,rsilburn2@eventbrite.com,Faturamento
1000,jgreguoli4@zimbio.com,ooswick1@w3.org,Clientes
